"x","predicted","std.error","conf.low","conf.high","group"
"1",0.0526992128039775,0.00398009332805014,0.0448983732258911,0.060500052382064,"1"
"2",0.0490188799330565,0.00397633386533487,0.0412254087664932,0.0568123510996198,"1"
"3",0.0510139090904106,0.00396720583635448,0.0432383285318987,0.0587894896489224,"1"
"4",0.0451922598101051,0.00396368945107901,0.0374235712400889,0.0529609483801213,"1"
