"x","predicted","std.error","conf.low","conf.high","group"
"1",0.0287335200383521,0.00215443350060153,0.0245109079700866,0.0329561321066177,"1"
"2",0.0235772081557308,0.00215443350060153,0.0193545960874652,0.0277998202239963,"1"
"3",0.0252956541890967,0.00215443350060153,0.0210730421208312,0.0295182662573623,"1"
"4",0.0232627687154019,0.00215443350060153,0.0190401566471363,0.0274853807836675,"1"
