"x","predicted","std.error","conf.low","conf.high","group"
"1",5.06632003383597,0.339780586221425,4.40036232219607,5.73227774547587,"1"
"2",4.49440078047364,0.36248439602398,3.78394441930888,5.20485714163839,"1"
"3",4.61534634587578,0.339740573388874,3.9494670579466,5.28122563380496,"1"
"4",4.76145270622925,0.39601403050499,3.98527946906692,5.53762594339158,"1"
