"x","predicted","std.error","conf.low","conf.high","group"
"1",24.8437499999999,2.53707911693067,19.8711663048872,29.8163336951127,"1"
"2",19.0104166666666,2.53707911693067,14.0378329715538,23.9830003617794,"1"
"3",21.6145833333333,2.53707911693067,16.6419996382205,26.5871670284461,"1"
"4",17.9687499999999,2.53707911693067,12.9961663048871,22.9413336951127,"1"
